epsilon, pop_size, DG, DG Fac, DG Runs, DG PSO, ODG, ODG Fac, ODG Runs, ODG PSO
0.001,10,epsilon, pop_size, DG, DG Fac, DG Runs, DG PSO, ODG, ODG Fac, ODG Runs, ODG PSO
0.001,10,1724643.0219773925,40,50,4.546,1039953.1651245197,1000,31,9.05171875,1706301.4598817707,1000,36,7.305439330543933,