epsilon, pop_size, DG, DG Fac, DG Runs, DG PSO, ODG, ODG Fac, ODG Runs, ODG PSO
0.001,10,1745736.9134782716,40,50,4.4605,1044868.9350366778,1000,31,9.03709375,1739451.324620194,1000,36,7.273279186151448,1133594.2221911354,1000,36,8.189070856541136,1259318.8297114135,500,50,7.91316
epsilon, pop_size, DG, DG Fac, DG Runs, DG PSO, ODG, ODG Fac, ODG Runs, ODG PSO
0.001,10,1711765.1189641296,40,50,4.403,1027642.6959517748,1000,31,9.0543125,1801228.4276409692,1000,36,7.222632428145595,1176811.7749355265,1000,36,8.147227533460804,1224081.2089053798,500,50,7.94816
epsilon, pop_size, DG, DG Fac, DG Runs, DG PSO, ODG, ODG Fac, ODG Runs, ODG PSO
0.001,10,1688300.4354712514,40,50,4.5195,1086267.8435911736,1000,31,9.056875,1755777.6246906908,1000,36,7.274892662783384,1186803.9557595039,1000,36,8.196414221187686,1232457.4864430218,500,50,7.95436
