epsilon, pop_size, DG, DG Fac, DG Runs, DG PSO, ODG, ODG Fac, ODG Runs, ODG PSO
0.001,10,epsilon, pop_size, DG, DG Fac, DG Runs, DG PSO, ODG, ODG Fac, ODG Runs, ODG PSO
0.001,10,3310960627.811196,266,50,7.883308270676692,90218.38286606497,1000,29,9.733036975774493,35.15923845360782,1000,36,7.556512702710094,