epsilon, pop_size, DG, DG Fac, DG Runs, DG PSO, ODG, ODG Fac, ODG Runs, ODG PSO
0.001,10,17106918087.689463,266,50,7.7963157894736845,2065202.2149245655,1000,29,9.728453771666839,35.33733751728992,1000,36,7.586703858670385,5585.591834705116,1000,36,7.628037797544822,1011899.6240854987,500,50,7.25112
epsilon, pop_size, DG, DG Fac, DG Runs, DG PSO, ODG, ODG Fac, ODG Runs, ODG PSO
0.001,10,6396959245.842644,266,50,7.7218045112781954,74420.78779273383,1000,29,9.750783969123678,35.33751195567832,1000,36,7.560313944266689,5719.532965917711,1000,36,7.695763017152991,988705.3554263859,500,50,7.15944
epsilon, pop_size, DG, DG Fac, DG Runs, DG PSO, ODG, ODG Fac, ODG Runs, ODG PSO
0.001,10,4071441607.5860434,266,50,7.727067669172932,74325.16644893258,1000,29,9.725455735897171,35.33789919778821,1000,36,7.583203434790931,5903.443354680512,1000,36,7.702524454789813,2373638.5353193823,500,50,7.17336
